company,title
安联财险,安联臻爱医疗保险2017版 100万计划（有医保）
,安联臻爱医疗保险标准计划 100万(有医保)
,安联“致青春”重大疾病保险 1万元档
,安联臻爱医疗保险2017版 100万计划（无医保）
,乐享人生-幼儿健康保障 5万档
,安联臻爱医疗保险2017版 500万计划（有医保）
,安联臻爱医疗保险2017版 200万计划（有医保）
,安联“致青春”重大疾病保险 5万元档
,安联“致青春”重大疾病保险 10万元档
,安联臻爱医疗保险标准计划 100万(无医保)
,安联臻爱医疗保险升级计划 200万(有医保)
,乐享人生-幼儿健康保障 10万档
,乐享人生-幼儿健康保障 10万档 含疾病住院医疗
,乐享人生-中青年健康保障升级计划
,安联臻爱医疗保险尊贵计划 300万(有医保)
,安联臻爱医疗保险升级计划 200万(无医保)
,乐享人生-幼儿健康保障 5万档 含疾病住院医疗
,安联“致青春”重大疾病保险 20万元档
,乐享人生-中青年健康保障经典计划
,乐享人生-少儿健康保障 5万档
,乐享人生-女性健康保障经典计划
,乐享人生-女性健康保障升级计划
,乐享人生-少儿健康保障 10万档 含疾病住院医疗
,乐享人生-少儿健康保障 5万档 含疾病住院医疗
,安联“致青春”重大疾病保险 15万元档
,乐享人生-少儿健康保障 10万档
,安联臻爱医疗保险尊贵计划 300万(无医保)
,安联臻爱医疗保险2017版 300万计划（有医保）
,安联臻爱医疗保险2017版 300万计划（无医保）
,安联臻爱医疗保险2017版 200万计划（无医保）
,安联臻爱医疗保险2017版 500万计划（无医保）
安心保险,安心无忧住院宝 基础计划
,新一站少儿门诊宝（有医保）
,安心无忧住院宝 标准计划
,安心e家500万医疗保障家庭计划
,安心无忧住院宝 升级计划
,安心e生百万综合医疗保障 100万（有医保）
,安心e生百万综合医疗保障 100万（无医保）
,新一站少儿门诊宝（无医保）
诚泰保险,“爸妈保”综合意外险 10万计划
,诚泰少儿综合意外保障 20万计划
,“爸妈保”综合意外险 20万计划
,诚泰少儿综合意外保障 10万计划
大都会人寿,天下无疾重大疾病保障（30天-40周岁）
,都会宝少儿重大疾病保障
,天下无疾重大疾病保障（51周岁-55周岁）
,天下无疾重大疾病保障（41周岁-50周岁）
,知心派重大疾病保障 淑女计划
,知心派重大疾病保障 绅士计划
合众人寿,合众爱宝贝少儿重疾两全保障计划
和谐健康,和谐健康之享定期重大疾病保障
,和谐健康之家综合疾病保障
,和谐健康佳人定期重大疾病保障
,和谐健康之家综合疾病保障（20年交）
,和谐健康之享定期重大疾病保障（10年交）
,和谐健康之享定期重大疾病保障（15年交）
,和谐健康之享定期重大疾病保障（20年交）
弘康人寿,弘康健康一生重大疾病保险 含轻症保障（20年交）
,弘康健康一生重大疾病保险 含轻症保障（30年交）
平安养老,新一站平安少儿综合保险2017版
人保财险,新一站学生宝 100元计划
,新一站学生宝 80元计划
史带财险,新一站白领健康保障计划
,新一站“陪你老”健康保障计划(61-65周岁)
,新一站“陪你老”健康保障计划(50-60周岁)
,新一站健康保障计划宝宝款 意外医疗医保外用药可保
,众悦人生-女性健康保障计划
,新一站“陪你老”健康保障计划(66-70周岁)
,新一站健康保障计划少儿款 意外医疗医保外用药可保
太平洋产险,儿童疫苗接种安全保障
太平养老,“太平一生”宝贝意外保障 含重疾
泰康在线,泰康在线住院宝（少儿计划）
,泰康在线住院宝（中青年计划）
,泰康在线住院宝（老年计划）
永安保险,新一站母婴安康升级版计划B
,海外医疗保障基础版
,新一站母婴安康升级版计划C
,海外医疗保障标准版
,新一站母婴安康升级版计划A
,海外医疗保障VIP版
,新一站母婴安康升级版计划D
中国平安,平安甲型H7N9流感综合保险
,平安甲型H7N9流感综合保险医疗计划
